<?xml version="1.0" encoding="UTF-8" ?>
<module>
    <name>gestortestimonios</name>
    <displayName><![CDATA[Gestor de Testimonios de Clientes]]></displayName>
    <version><![CDATA[1.0.0]]></version>
    <description><![CDATA[Módulo profesional para gestionar testimonios de clientes con sistema de aprobación, rating y panel de administración completo.]]></description>
    <author><![CDATA[Desarrollo PS]]></author>
    <tab><![CDATA[others]]></tab>
    <is_configurable>1</is_configurable>
    <need_instance>0</need_instance>
    <ps_versions_compliancy>
        <min>1.7.0.0</min>
        <max>8.99.99</max>
    </ps_versions_compliancy>
    <limited_countries></limited_countries>
</module>
