<?xml version="1.0" encoding="UTF-8" ?>
<module>
    <name>gestortestimonios</name>
    <displayName><![CDATA[Gestor de Testimonios de Clientes]]></displayName>
    <version><![CDATA[1.0.0]]></version>
    <description><![CDATA[M&oacute;dulo profesional para gestionar testimonios de clientes con sistema de aprobaci&oacute;n, rating y panel de administraci&oacute;n completo.]]></description>
    <author><![CDATA[Plan de Formaci&oacute;n PrestaShop]]></author>
    <tab><![CDATA[front_office_features]]></tab>
	<confirmUninstall><![CDATA[¿Estás seguro de que quieres desinstalar este módulo? Se perderán todos los testimonios almacenados.]]></confirmUninstall>
    <is_configurable>1</is_configurable>
    <need_instance>0</need_instance>
	<limited_countries></limited_countries>
</module>